{
    "LightGBM": {
        "ROC_AUC": 0.9975596041385516,
        "PR_AUC": 0.9921658868190711,
        "Precision": 0.9837837837837838,
        "Recall": 0.9578947368421052,
        "F1": 0.9706666666666667
    },
    "CatBoost": {
        "ROC_AUC": 0.9998594242015294,
        "PR_AUC": 0.9993394035264309,
        "Precision": 0.9894736842105263,
        "Recall": 0.9894736842105263,
        "F1": 0.9894736842105263
    }
}