{"learning_rate": 0.13487104772865674, "depth": 4, "l2_leaf_reg": 9.747186573261242}