{"learning_rate": 0.1679323851174169, "num_leaves": 139, "max_depth": 8, "feature_fraction": 0.6853243375266426, "bagging_fraction": 0.6570983760696169}