{
    "learning_rate": 0.05216130543848248,
    "depth": 10,
    "l2_leaf_reg": 4.889574516568033
}